Page URL,Discovered
https://nlmsf.org/andria-barnes-ruth-tribute-page/,02 May 2026 (16:43 UTC)
https://nlmsf.org/anna-marmo-tribute-page/,02 May 2026 (16:43 UTC)
https://nlmsf.org/barbara-esther-olson-tribute-page/,02 May 2026 (16:43 UTC)
https://nlmsf.org/barbara-lynn-davis-tribute-page/,02 May 2026 (16:43 UTC)
https://nlmsf.org/caitlin-anne-kuhlman-tribute-page/,02 May 2026 (16:43 UTC)
https://nlmsf.org/cheryl-phyllis-scharp-tribute-page/,02 May 2026 (16:43 UTC)
https://nlmsf.org/christian-snyder-tribute-page/,02 May 2026 (16:43 UTC)
https://nlmsf.org/denise-f-montano-tribute-page/,02 May 2026 (16:43 UTC)
https://nlmsf.org/denise-janowiak-tribute-page/,02 May 2026 (16:43 UTC)
https://nlmsf.org/donald-robert-anderson-tribute-page/,02 May 2026 (16:43 UTC)
https://nlmsf.org/donna-stieger-tribute-page/,02 May 2026 (16:43 UTC)
https://nlmsf.org/education-videos/,15 Mar 2026 (00:18 UTC)
https://nlmsf.org/florence-benoit-tribute-page/,02 May 2026 (16:43 UTC)
https://nlmsf.org/open-research/,27 Feb 2026 (15:07 UTC)
