Page URL,Page Title,Discovered
https://nlmsf.org/palliative-care/,Palliative Care | NLMSF,15 Mar 2026 (00:18 UTC)
https://nlmsf.org/palliative-care/?form=DONATE,Palliative Care | NLMSF,15 Mar 2026 (00:18 UTC)
https://nlmsf.org/survivorship-resources-2/,Survivorship Resources | NLMSF,15 Mar 2026 (00:18 UTC)
https://nlmsf.org/survivorship-resources-2/?form=DONATE,Survivorship Resources | NLMSF,15 Mar 2026 (00:18 UTC)
https://nlmsf.org/research-initiatives/?form=DONATE,Research Initiatives | NLMSF,15 Mar 2026 (00:18 UTC)
https://nlmsf.org/research-initiatives/,Research Initiatives | NLMSF,15 Mar 2026 (00:18 UTC)
https://nlmsf.org/house-cleaning-and-meal-prep/,House Cleaning and Meal Prep | NLMSF,15 Mar 2026 (00:18 UTC)
https://nlmsf.org/house-cleaning-and-meal-prep/?form=DONATE,House Cleaning and Meal Prep | NLMSF,15 Mar 2026 (00:18 UTC)
https://nlmsf.org/testimonials/,Testimonials | NLMSF,15 Mar 2026 (00:18 UTC)
https://nlmsf.org/testimonials/?form=DONATE,Testimonials | NLMSF,15 Mar 2026 (00:18 UTC)
https://nlmsf.org/survivorship-care-planning-2/?form=DONATE,Survivorship Care Planning | NLMSF,15 Mar 2026 (00:18 UTC)
https://nlmsf.org/survivorship-care-planning-2/,Survivorship Care Planning | NLMSF,27 Feb 2026 (15:45 UTC)
https://nlmsf.org/research-grant-announcement/?form=DONATE,2027–2028 Research Grant Announcement | NLMSF,12 Apr 2026 (00:35 UTC)
https://nlmsf.org/research-grant-announcement/,2027–2028 Research Grant Announcement | NLMSF,12 Apr 2026 (00:35 UTC)
https://nlmsf.org/non-uterine/?form=DONATE,Non-Uterine Leiomyosarcoma | NLMSF,15 Mar 2026 (00:18 UTC)
https://nlmsf.org/non-uterine/,Non-Uterine Leiomyosarcoma | NLMSF,15 Mar 2026 (00:18 UTC)
https://nlmsf.org/tributes-directory/?form=DONATE,Tribute Pages | NLMSF,15 Mar 2026 (00:18 UTC)
https://nlmsf.org/tributes-directory/,Tribute Pages | NLMSF,15 Mar 2026 (00:18 UTC)
https://nlmsf.org/community-snapshot-news/,NLMSF Community Snapshot News | NLMSF,15 Mar 2026 (00:18 UTC)
https://nlmsf.org/community-snapshot-news/?form=DONATE,NLMSF Community Snapshot News | NLMSF,15 Mar 2026 (00:18 UTC)
https://nlmsf.org/pathology-report-accuracy/?form=DONATE,Pathology Report Accuracy | NLMSF,15 Mar 2026 (00:18 UTC)
https://nlmsf.org/pathology-report-accuracy/,Pathology Report Accuracy | NLMSF,15 Mar 2026 (00:18 UTC)
https://nlmsf.org/co-survivor-tips/,Co-Survivor Tips | NLMSF,15 Mar 2026 (00:18 UTC)
https://nlmsf.org/co-survivor-tips/?form=DONATE,Co-Survivor Tips | NLMSF,15 Mar 2026 (00:18 UTC)
https://nlmsf.org/patient-perspectives/,Patient & Caregiver Perspectives | NLMSF,15 Mar 2026 (00:18 UTC)
https://nlmsf.org/patient-perspectives/?form=DONATE,Patient & Caregiver Perspectives | NLMSF,15 Mar 2026 (00:18 UTC)
https://nlmsf.org/new-diagnosis/?form=DONATE,New Diagnosis | NLMSF,15 Mar 2026 (00:18 UTC)
https://nlmsf.org/new-diagnosis/,New Diagnosis | NLMSF,27 Feb 2026 (15:45 UTC)
https://nlmsf.org/staging-lms-tumors/?form=DONATE,Staging vs Grading of Cancer Tumors | NLMSF,15 Mar 2026 (00:18 UTC)
https://nlmsf.org/staging-lms-tumors/,Staging vs Grading of Cancer Tumors | NLMSF,15 Mar 2026 (00:18 UTC)
https://nlmsf.org/mission/,Our Mission | NLMSF,15 Mar 2026 (00:18 UTC)
https://nlmsf.org/mission/?form=DONATE,Our Mission | NLMSF,15 Mar 2026 (00:18 UTC)
https://nlmsf.org/recorded-presentations/,Recorded Presentations | NLMSF,15 Mar 2026 (00:18 UTC)
https://nlmsf.org/recorded-presentations/?form=DONATE,Recorded Presentations | NLMSF,15 Mar 2026 (00:18 UTC)
https://nlmsf.org/research-projects-funded/?form=DONATE,NLMSF Research Projects Funded | National Leiomyosarcoma Foundation,12 Apr 2026 (00:35 UTC)
https://nlmsf.org/research-projects-funded/,NLMSF Research Projects Funded | National Leiomyosarcoma Foundation,12 Apr 2026 (00:35 UTC)
https://nlmsf.org/cri-immunotherapy-patient-guide/?form=DONATE,CRI Immunotherapy Patient Guide | NLMSF,15 Mar 2026 (00:18 UTC)
https://nlmsf.org/cri-immunotherapy-patient-guide/,CRI Immunotherapy Patient Guide | NLMSF,15 Mar 2026 (00:18 UTC)
https://nlmsf.org/patient-driven-research/?form=DONATE,Patient-Driven Research | NLMSF,15 Mar 2026 (00:18 UTC)
https://nlmsf.org/patient-driven-research/,Patient-Driven Research | NLMSF,15 Mar 2026 (00:18 UTC)
https://nlmsf.org/after-treatment/,After Treatment | NLMSF,27 Feb 2026 (15:45 UTC)
https://nlmsf.org/after-treatment/?form=DONATE,After Treatment | NLMSF,15 Mar 2026 (00:18 UTC)
https://nlmsf.org/patient-caregiver-advocacy/,Patient-Caregiver Advocacy | NLMSF,15 Mar 2026 (00:18 UTC)
https://nlmsf.org/patient-caregiver-advocacy/?form=DONATE,Patient-Caregiver Advocacy | NLMSF,15 Mar 2026 (00:18 UTC)
https://nlmsf.org/oncology-care-team/,Your Sarcoma Clinical Care Team | NLMSF,15 Mar 2026 (00:18 UTC)
https://nlmsf.org/oncology-care-team/?form=DONATE,Your Sarcoma Clinical Care Team | NLMSF,15 Mar 2026 (00:18 UTC)
https://nlmsf.org/related-educational-videos/?form=DONATE,ctDNA Recordings | NLMSF,15 Mar 2026 (00:18 UTC)
https://nlmsf.org/related-educational-videos/,ctDNA Recordings | NLMSF,15 Mar 2026 (00:18 UTC)
https://nlmsf.org/gift-shop/?form=DONATE,Gift Shop | NLMSF,15 Mar 2026 (00:18 UTC)
https://nlmsf.org/gift-shop/,Gift Shop | NLMSF,15 Mar 2026 (00:18 UTC)
https://nlmsf.org/molecular-tumor-testing/?form=DONATE,Molecular Tumor Testing | NLMSF,15 Mar 2026 (00:18 UTC)
https://nlmsf.org/molecular-tumor-testing/,Molecular Tumor Testing | NLMSF,15 Mar 2026 (00:18 UTC)
https://nlmsf.org/our-board/,Our Board | NLMSF,15 Mar 2026 (00:18 UTC)
https://nlmsf.org/our-board-5/,Our Board | NLMSF,15 Mar 2026 (00:18 UTC)
https://nlmsf.org/our-board-5/?form=DONATE,Our Board | NLMSF,15 Mar 2026 (00:18 UTC)
https://nlmsf.org/our-board/?form=DONATE,Our Board | NLMSF,15 Mar 2026 (00:18 UTC)
https://nlmsf.org/nutrition-and-physical-activity/?form=DONATE,Nutrition & Physical Activity | NLMSF,15 Mar 2026 (00:18 UTC)
https://nlmsf.org/nutrition-and-physical-activity/,Nutrition & Physical Activity | NLMSF,15 Mar 2026 (00:18 UTC)
https://nlmsf.org/medical-advisory-board/,Medical Advisory Committee | NLMSF,15 Mar 2026 (00:18 UTC)
https://nlmsf.org/medical-advisory-board/?form=DONATE,Medical Advisory Committee | NLMSF,15 Mar 2026 (00:18 UTC)
https://nlmsf.org/financial-assistance/,Financial Assistance | NLMSF,27 Feb 2026 (15:54 UTC)
https://nlmsf.org/financial-assistance-2/?form=DONATE,Financial Assistance | NLMSF,15 Mar 2026 (00:18 UTC)
https://nlmsf.org/financial-assistance/?form=DONATE,Financial Assistance | NLMSF,15 Mar 2026 (00:18 UTC)
https://nlmsf.org/financial-assistance-2/,Financial Assistance | NLMSF,27 Feb 2026 (15:54 UTC)
https://nlmsf.org/international-research-roundtable/?form=DONATE,International Leiomyosarcoma Research Roundtable | NLMSF,15 Mar 2026 (00:18 UTC)
https://nlmsf.org/international-research-roundtable/,International Leiomyosarcoma Research Roundtable | NLMSF,15 Mar 2026 (00:18 UTC)
https://nlmsf.org/storm-therapeutics-stc15/,Storm Therapeutics STC-15 — Phase 2 Clinical Trial | NLMSF,12 Apr 2026 (00:35 UTC)
https://nlmsf.org/storm-therapeutics-stc15/?form=DONATE,Storm Therapeutics STC-15 — Phase 2 Clinical Trial | NLMSF,12 Apr 2026 (00:35 UTC)
https://nlmsf.org/ironman-fundraiser/?form=DONATE,Joseph Jang — IRONMAN Fundraiser for LMS Research | NLMSF,15 Mar 2026 (00:18 UTC)
https://nlmsf.org/ironman-fundraiser/,Joseph Jang — IRONMAN Fundraiser for LMS Research | NLMSF,15 Mar 2026 (00:18 UTC)
https://nlmsf.org/caregiver-traits-2/,Caregiver Traits | NLMSF,27 Feb 2026 (15:54 UTC)
https://nlmsf.org/caregiver-traits-2/?form=DONATE,Caregiver Traits | NLMSF,15 Mar 2026 (00:18 UTC)
https://nlmsf.org/volunteer/?form=DONATE,Volunteer | NLMSF,15 Mar 2026 (00:18 UTC)
https://nlmsf.org/volunteer/,Volunteer | NLMSF,15 Mar 2026 (00:18 UTC)
https://nlmsf.org/second-opinions-2/?form=DONATE,Second Opinions for LMS Patients | NLMSF,15 Mar 2026 (00:18 UTC)
https://nlmsf.org/second-opinions-2/,Second Opinions for LMS Patients | NLMSF,15 Mar 2026 (00:18 UTC)
https://nlmsf.org/sarcoma-sound-bytes/?form=DONATE,Sarcoma Sound Bytes | NLMSF,15 Mar 2026 (00:18 UTC)
https://nlmsf.org/sarcoma-sound-bytes/,Sarcoma Sound Bytes | NLMSF,15 Mar 2026 (00:18 UTC)
https://nlmsf.org/resources/?form=DONATE,Resources | NLMSF,15 Mar 2026 (00:18 UTC)
https://nlmsf.org/resources/,Resources | NLMSF,15 Mar 2026 (00:18 UTC)
https://nlmsf.org/peri-gilpin/,Peri Gilpin | NLMSF,15 Mar 2026 (00:18 UTC)
https://nlmsf.org/peri-gilpin/?form=DONATE,Peri Gilpin | NLMSF,15 Mar 2026 (00:18 UTC)
https://nlmsf.org/2023-accountability-report/,2023 Accountability Report | NLMSF,15 Mar 2026 (00:18 UTC)
https://nlmsf.org/2023-accountability-report/?form=DONATE,2023 Accountability Report | NLMSF,15 Mar 2026 (00:18 UTC)
https://nlmsf.org/open-research/?form=DONATE,Opening Every Door - Together | NLMSF,15 Mar 2026 (00:18 UTC)
https://nlmsf.org/open-research/,Opening Every Door - Together | NLMSF,15 Mar 2026 (00:18 UTC)
https://nlmsf.org/chemo-corner/?form=DONATE,Chemo Corner | NLMSF,15 Mar 2026 (00:18 UTC)
https://nlmsf.org/chemo-corner/,Chemo Corner | NLMSF,15 Mar 2026 (00:18 UTC)
https://nlmsf.org/privacy-policy/?form=DONATE,Privacy Policy | NLMSF,15 Mar 2026 (00:18 UTC)
https://nlmsf.org/privacy-policy/,Privacy Policy | NLMSF,15 Mar 2026 (00:18 UTC)
https://nlmsf.org/transportation-lodging/?form=DONATE,Transportation & Lodging | NLMSF,15 Mar 2026 (00:18 UTC)
https://nlmsf.org/transportation-lodging/,Transportation & Lodging | NLMSF,15 Mar 2026 (00:18 UTC)
https://nlmsf.org/resource-support/,Resource Support | NLMSF,15 Mar 2026 (00:18 UTC)
https://nlmsf.org/resource-support/?form=DONATE,Resource Support | NLMSF,15 Mar 2026 (00:18 UTC)
https://nlmsf.org/leiomyosarcoma-support-group/?form=DONATE,LMS Support Group | Leiomyosarcoma Support Groups & Resources | NLMSF,15 Mar 2026 (00:18 UTC)
https://nlmsf.org/leiomyosarcoma-support-group/,LMS Support Group | Leiomyosarcoma Support Groups & Resources | NLMSF,15 Mar 2026 (00:18 UTC)
https://nlmsf.org/immunotherapy-2/?form=DONATE,Immunotherapy in Sarcoma & LMS | NLMSF,15 Mar 2026 (00:18 UTC)
https://nlmsf.org/immunotherapy-2/,Immunotherapy in Sarcoma & LMS | NLMSF,15 Mar 2026 (00:18 UTC)
https://nlmsf.org/abcs-of-new-diagnosis/,ABC's of Newly Diagnosed | NLMSF,15 Mar 2026 (00:18 UTC)
https://nlmsf.org/abcs-of-new-diagnosis/?form=DONATE,ABC's of Newly Diagnosed | NLMSF,15 Mar 2026 (00:18 UTC)
https://nlmsf.org/research-funding-2/,Research Funding Summary | NLMSF,15 Mar 2026 (00:18 UTC)
https://nlmsf.org/research-funding-2/?form=DONATE,Research Funding Summary | NLMSF,15 Mar 2026 (00:18 UTC)
https://nlmsf.org/news-tracker/,NLMSF News Tracker | NLMSF,15 Mar 2026 (00:18 UTC)
https://nlmsf.org/news-tracker/?form=DONATE,NLMSF News Tracker | NLMSF,15 Mar 2026 (00:18 UTC)
https://nlmsf.org/quick-tips/?form=DONATE,Quick Tips for Newly Diagnosed | NLMSF,15 Mar 2026 (00:18 UTC)
https://nlmsf.org/quick-tips/,Quick Tips for Newly Diagnosed | NLMSF,15 Mar 2026 (00:18 UTC)
https://nlmsf.org/chemo-and-dental-care/,Dental Care Prior to Cancer Treatment | NLMSF,15 Mar 2026 (00:18 UTC)
https://nlmsf.org/chemo-and-dental-care/?form=DONATE,Dental Care Prior to Cancer Treatment | NLMSF,15 Mar 2026 (00:18 UTC)
https://nlmsf.org/sarcoma-centers/?form=DONATE,Sarcoma Centers — Clinical Trial Links | NLMSF,22 Mar 2026 (00:32 UTC)
https://nlmsf.org/sarcoma-centers/,Sarcoma Centers — Clinical Trial Links | NLMSF,22 Mar 2026 (00:32 UTC)
https://nlmsf.org/insurance-2/,Health Insurance Guidance | NLMSF,15 Mar 2026 (00:18 UTC)
https://nlmsf.org/health-insurance-deep-dive/,Health Insurance Guidance | NLMSF,15 Mar 2026 (00:18 UTC)
https://nlmsf.org/insurance-2/?form=DONATE,Health Insurance Guidance | NLMSF,15 Mar 2026 (00:18 UTC)
https://nlmsf.org/health-insurance-deep-dive/?form=DONATE,Health Insurance Guidance | NLMSF,15 Mar 2026 (00:18 UTC)
https://nlmsf.org/health-insurance-guidance/?form=DONATE,Health Insurance Guidance | NLMSF,15 Mar 2026 (00:18 UTC)
https://nlmsf.org/health-insurance-guidance/,Health Insurance Guidance | NLMSF,15 Mar 2026 (00:18 UTC)
https://nlmsf.org/personal-advocacy/,Personal Advocacy | NLMSF,15 Mar 2026 (00:18 UTC)
https://nlmsf.org/personal-advocacy/?form=DONATE,Personal Advocacy | NLMSF,15 Mar 2026 (00:18 UTC)
https://nlmsf.org/events/,Patient and Family Education Programs | NLMSF,15 Mar 2026 (00:18 UTC)
https://nlmsf.org/events/?form=DONATE,Patient and Family Education Programs | NLMSF,15 Mar 2026 (00:18 UTC)
https://nlmsf.org/psychosocial-guidance/?form=DONATE,Psychosocial Support | NLMSF,15 Mar 2026 (00:18 UTC)
https://nlmsf.org/psychosocial-guidance/,Psychosocial Support | NLMSF,15 Mar 2026 (00:18 UTC)
https://nlmsf.org/?form=DONATE,National Leiomyosarcoma Foundation,15 Mar 2026 (00:18 UTC)
https://nlmsf.org/,National Leiomyosarcoma Foundation,15 Mar 2026 (00:18 UTC)
https://nlmsf.org/uterine-leiomyosarcoma-guide/,What to Know About Uterine Leiomyosarcoma | NLMSF,22 Mar 2026 (00:32 UTC)
https://nlmsf.org/uterine-leiomyosarcoma-guide/?form=DONATE,What to Know About Uterine Leiomyosarcoma | NLMSF,22 Mar 2026 (00:32 UTC)
https://nlmsf.org/research-publication-highlights/,Research Publication Highlights | NLMSF,12 Apr 2026 (00:35 UTC)
https://nlmsf.org/research-publication-highlights/?form=DONATE,Research Publication Highlights | NLMSF,12 Apr 2026 (00:35 UTC)
https://nlmsf.org/find-a-sarcoma-specialist/,Find a Sarcoma Specialist | NLMSF,15 Mar 2026 (00:18 UTC)
https://nlmsf.org/find-a-sarcoma-specialist/?form=DONATE,Find a Sarcoma Specialist | NLMSF,15 Mar 2026 (00:18 UTC)
https://nlmsf.org/questions-to-ask-your-sarcoma-surgical-or-radiation-specialists/,Questions to Ask Your Sarcoma Specialists | NLMSF,15 Mar 2026 (00:18 UTC)
https://nlmsf.org/questions-to-ask-your-sarcoma-surgical-or-radiation-specialists/?form=DONATE,Questions to Ask Your Sarcoma Specialists | NLMSF,15 Mar 2026 (00:18 UTC)
https://nlmsf.org/general-sarcoma/?form=DONATE,General LMS Research Highlights | NLMSF,15 Mar 2026 (00:18 UTC)
https://nlmsf.org/general-sarcoma/,General LMS Research Highlights | NLMSF,15 Mar 2026 (00:18 UTC)
https://nlmsf.org/donate/,Donate | NLMSF,15 Mar 2026 (00:18 UTC)
https://nlmsf.org/donate/?form=DONATE,Donate | NLMSF,15 Mar 2026 (00:18 UTC)
https://nlmsf.org/support/,Support | NLMSF,15 Mar 2026 (00:18 UTC)
https://nlmsf.org/support/?form=DONATE,Support | NLMSF,15 Mar 2026 (00:18 UTC)
https://nlmsf.org/treatment-options/,Treatment Options | NLMSF,15 Mar 2026 (00:18 UTC)
https://nlmsf.org/treatment-options/?form=DONATE,Treatment Options | NLMSF,15 Mar 2026 (00:18 UTC)
https://nlmsf.org/uterine-lms/?form=DONATE,Uterine Leiomyosarcoma | NLMSF,15 Mar 2026 (00:18 UTC)
https://nlmsf.org/uterine-lms/,Uterine Leiomyosarcoma | NLMSF,15 Mar 2026 (00:18 UTC)
https://nlmsf.org/clinical-trials-research-information/?form=DONATE,Clinical Trials & Research Information | NLMSF,15 Mar 2026 (00:18 UTC)
https://nlmsf.org/clinical-trials-research-information/,Clinical Trials & Research Information | NLMSF,15 Mar 2026 (00:18 UTC)
https://nlmsf.org/get-involved/?form=DONATE,Get Involved | NLMSF,15 Mar 2026 (00:18 UTC)
https://nlmsf.org/get-involved/,Get Involved | NLMSF,15 Mar 2026 (00:18 UTC)
https://nlmsf.org/caregivers-corner/,Caregivers Corner | NLMSF,15 Mar 2026 (00:18 UTC)
https://nlmsf.org/caregivers-corner/?form=DONATE,Caregivers Corner | NLMSF,15 Mar 2026 (00:18 UTC)
https://nlmsf.org/pillars-of-purpose-fundraiser/?form=DONATE,Impact in Action: Pillars of Purpose Fundraiser | National Leiomyosarcoma Foundation,12 Apr 2026 (00:35 UTC)
https://nlmsf.org/pillars-of-purpose-fundraiser/,Impact in Action: Pillars of Purpose Fundraiser | National Leiomyosarcoma Foundation,12 Apr 2026 (00:35 UTC)
https://nlmsf.org/education-videos/,Education Videos & Resources | NLMSF,15 Mar 2026 (00:18 UTC)
https://nlmsf.org/education-videos/?form=DONATE,Education Videos & Resources | NLMSF,15 Mar 2026 (00:18 UTC)
https://nlmsf.org/accountability-reports/,2024 Accountability Report | NLMSF,15 Mar 2026 (00:18 UTC)
https://nlmsf.org/accountability-reports/?form=DONATE,2024 Accountability Report | NLMSF,15 Mar 2026 (00:18 UTC)
https://nlmsf.org/contact/,Contact Us | NLMSF,15 Mar 2026 (00:18 UTC)
https://nlmsf.org/contact/?form=DONATE,Contact Us | NLMSF,15 Mar 2026 (00:18 UTC)
