Page URL,Link URL,Anchor Text,Discovered
https://nlmsf.org/accountability-reports/,https://sarctrials.org/,Learn more,15 Mar 2026 (00:18 UTC)
https://nlmsf.org/accountability-reports/,https://sarcomacoalition.us/,Learn more,15 Mar 2026 (00:18 UTC)
https://nlmsf.org/accountability-reports/,https://ecog-acrin.org/,Learn more,15 Mar 2026 (00:18 UTC)
https://nlmsf.org/cri-immunotherapy-patient-guide/,https://pmc.ncbi.nlm.nih.gov/articles/PMC3967236/,Learn more,27 Feb 2026 (15:07 UTC)
https://nlmsf.org/cri-immunotherapy-patient-guide/,https://www.cancer.org/cancer/types/soft-tissue-sarcoma/treating/immunotherapy.html,Learn More,27 Feb 2026 (15:07 UTC)
https://nlmsf.org/financial-assistance-2/,https://triagecancer.org/QuickGuide-RxAssistance,Link,27 Feb 2026 (15:07 UTC)
https://nlmsf.org/health-insurance-deep-dive/,https://www.disability-benefits-help.org/glossary/medical-vocational-allowance,Learn More,27 Feb 2026 (15:07 UTC)
https://nlmsf.org/health-insurance-deep-dive/,https://www.ssdrc.com/prem8.html,Learn More,27 Feb 2026 (15:07 UTC)
https://nlmsf.org/health-insurance-deep-dive/,https://www.disability-benefits-help.org/compassionate-allowances/leiomyosarcoma,Learn More,27 Feb 2026 (15:07 UTC)
https://nlmsf.org/health-insurance-deep-dive/,https://secure.ssa.gov/apps10/poms.nsf/lnx/0423022961,Learn More,27 Feb 2026 (15:07 UTC)
https://nlmsf.org/international-research-roundtable/,https://docs.google.com/document/d/1X1Q0ifAnUnSWfTFMlkyDF95ypJyy3f2o/edit?usp=drive_link,Click Here,27 Feb 2026 (15:45 UTC)
https://nlmsf.org/leiomyosarcoma-support-group/,https://nlmsf.org/abcs-of-new-diagnosis/,Learn More,15 Mar 2026 (00:18 UTC)
https://nlmsf.org/mission/,https://leiomyosarcoma.info/,Learn More,27 Feb 2026 (15:45 UTC)
https://nlmsf.org/new-diagnosis/,https://nlmsf.org/navigating-leiomyosarcoma-treatment-after-treatment/,Learn More,27 Feb 2026 (15:45 UTC)
https://nlmsf.org/personal-advocacy/,https://nlmsf.org/circle-of-hope/,Learn More,15 Mar 2026 (00:18 UTC)
https://nlmsf.org/research-initiatives/,https://leiomyosarcoma.info/contributors/,here,15 Mar 2026 (00:18 UTC)
https://nlmsf.org/second-opinions-2/,https://www.mdanderson.org/for-physicians/refer-a-patient/second-opinion-pathology.html,Learn more,27 Feb 2026 (15:45 UTC)
https://nlmsf.org/second-opinions-2/,https://www.sarc.org/sarcoma-centers,Click here,27 Feb 2026 (15:45 UTC)
https://nlmsf.org/survivorship-resources-2/,https://canceradvocacy.org/an-updated-survivorship-care-planning-template-and-identifying-barriers-to-implementation/,Read More,27 Feb 2026 (15:07 UTC)
