Sitemap URL,Link URL,Issue Type,Line in Sitemap,Discovered
https://nlmsf.org/sitemap.xml,https://nlmsf.org/denise-janowiak-tribute-page,Redirect,—,02 May 2026 (16:43 UTC)
https://nlmsf.org/sitemap.xml,https://nlmsf.org/caregiver-traits/,Redirect,—,12 Apr 2026 (00:35 UTC)
https://nlmsf.org/sitemap.xml,https://nlmsf.org/andria-barnes-ruth-tribute-page,Redirect,—,02 May 2026 (16:43 UTC)
https://nlmsf.org/sitemap.xml,https://nlmsf.org/barbara-lynn-davis-tribute-page,Redirect,—,02 May 2026 (16:43 UTC)
https://nlmsf.org/sitemap.xml,https://nlmsf.org/denise-f-montano-tribute-page,Redirect,—,02 May 2026 (16:43 UTC)
https://nlmsf.org/sitemap.xml,https://nlmsf.org/christian-snyder-tribute-page,Redirect,—,02 May 2026 (16:43 UTC)
https://nlmsf.org/sitemap.xml,https://nlmsf.org/cheryl-phyllis-scharp-tribute-page,Redirect,—,02 May 2026 (16:43 UTC)
https://nlmsf.org/sitemap.xml,https://nlmsf.org/caitlin-anne-kuhlman-tribute-page,Redirect,—,02 May 2026 (16:43 UTC)
https://nlmsf.org/sitemap.xml,https://nlmsf.org/donna-stieger-tribute-page,Redirect,—,02 May 2026 (16:43 UTC)
https://nlmsf.org/sitemap.xml,https://nlmsf.org/anna-marmo-tribute-page,Redirect,—,02 May 2026 (16:43 UTC)
https://nlmsf.org/sitemap.xml,https://nlmsf.org/barbara-esther-olson-tribute-page,Redirect,—,02 May 2026 (16:43 UTC)
https://nlmsf.org/sitemap.xml,https://nlmsf.org/health-insurance-guidance/,Redirect,—,02 May 2026 (16:43 UTC)
